,Type,Formula,Coefficients,Results,Ei^2,Sum(Ei),Sigma,Correlation,Dependency,R2
5,Exponential,phi(x) = ae^{bx},"(1.3266715762630819, 0.5759488520175099)","[2.4998155984693953, 4.710342889800252, 8.87558672450752, 16.72405630486802]","[-0.00018440153060472753, -0.1896571101997484, 0.6755867245075216, -0.675943695131977]",0.949287154772717,0.48715684198539105,0.997037644812587,direct connection,0.9919405594525853
1,Square,phi(x) = a_2 * x^2 + a_1 * x + a_0,"(1.4049586776859921, -3.363636363636602, 4.750000000000276)","[2.750000000000065, 4.149999999999955, 8.949999999999942, 17.15000000000004]","[0.25000000000006484, -0.7500000000000453, 0.7499999999999432, -0.24999999999995737]",1.2499999999999938,0.559016994374946,0.9951055913217718,direct connection,0.9901388450615337
0,Linear,phi(x) = ax + b,"(4.363636363636364, -3.750000000000001)","[1.0499999999999998, 5.8500000000000005, 10.649999999999999, 15.450000000000003]","[-1.4500000000000002, 0.9500000000000002, 2.4499999999999993, -1.9499999999999957]",12.809999999999981,1.7895530168173268,0.9486462422804061,connection is very strong,0.8888020833333335
3,Power,phi(x) = ax^b,"(1.9812852908100347, 1.329237338487519)","[2.2488874350543626, 5.650775170592893, 9.686683383540704, 14.19869199803558]","[-0.2511125649456374, 0.7507751705928927, 1.4866833835407043, -3.201308001964419]",13.08532128338982,1.8086819291537843,0.9650826823401564,connection is very strong,0.836128856083565
4,Logarithm,phi(x) = ae^{bx},"(9.507054506679495, -0.2096018220110056)","[0.6965172524301347, 7.286305279164749, 11.14108416250576, 13.876093305899362]","[-1.8034827475698654, 2.3863052791647483, 2.94108416250576, -3.5239066941006367]",30.014897345821183,2.739292670828602,0.87494395974494,connection is strong,0.6937102310944787
2,Cube,phi(x) = a_2 * x^2 + a_1 * x + a_0,"(0.6260956674186382, -3.7603305785179018, 9.287878787892549, -4.000000000009744)","[2.4999999999996065, 4.900000000000879, 8.19999999999932, 17.400000000000173]","[-3.934630399271555e-13, 8.784084570834239e-13, -6.785683126508957e-13, 1.7408297026122455e-13]",1.4171744167332537e-24,5.952256750034506e-13,1.0,direct connection,1.0
